{
    "loss": 0.475774347782135,
    "accuracy": 0.8627451062202454
}